ingreso_mensual,otros_ingresos,facturas,importe_ultima_fact,edad,meses_contrato,sector,aprobacion
1253,41,19,84,19,3,3,0
784,376,22,14,44,77,1,0
1740,341,85,54,42,1,9,1
2952,19,97,6,57,83,5,1
423,261,96,87,49,2,7,0
1539,186,100,64,52,35,3,1
2220,333,8,56,34,23,4,1
1095,412,92,88,24,11,4,0
937,165,32,73,23,65,6,0
1008,31,86,91,54,15,5,1
837,200,53,73,39,0,5,0
1201,378,64,68,27,53,9,0
1347,489,40,24,57,62,8,1
1384,263,81,81,19,19,8,1
2235,499,4,82,37,25,8,1
980,470,11,20,40,86,5,0
737,110,65,97,54,90,3,0
644,68,2,36,30,44,6,0
2713,229,71,100,30,90,7,1
2622,259,79,33,53,6,7,1
1837,479,65,6,47,77,3,1
2455,156,8,20,50,82,5,1
1638,422,59,80,41,9,8,1
1651,53,29,83,41,75,3,1
332,210,25,23,19,71,6,0
1018,338,45,51,42,27,0,1
667,430,3,37,38,81,3,0
1766,413,14,25,36,23,7,1
1285,285,92,53,22,74,4,0
440,104,22,52,54,38,8,0
2341,245,87,61,46,83,4,1
392,132,69,18,56,49,7,0
1163,143,67,73,19,46,2,0
2851,325,55,86,28,64,4,1
2368,453,97,31,48,26,3,1
1300,194,10,67,46,65,2,0
300,486,31,50,28,89,5,0
678,350,81,1,29,66,7,0
664,147,8,34,21,38,4,0
1275,317,28,27,53,51,4,0
1075,300,95,37,37,18,5,0
930,294,52,70,22,85,7,0
1186,59,35,90,57,60,0,1
753,139,16,98,57,50,8,0
614,400,68,94,28,17,10,0
515,324,13,1,38,40,1,0
989,326,67,77,20,15,9,0
377,262,83,77,37,77,7,0
1681,319,91,76,47,85,6,1
1233,331,7,66,44,27,7,1
1867,395,100,22,46,4,4,1
1589,122,9,86,43,46,6,1
459,433,96,53,25,53,2,0
2779,62,85,44,19,88,3,1
1906,238,63,16,35,48,10,1
870,367,83,88,57,77,7,0
2564,377,78,22,34,74,5,1
2339,410,54,14,35,16,6,1
1286,158,69,51,45,52,4,0
1107,301,93,47,35,23,7,1
1864,436,26,34,57,56,1,1
1091,90,14,8,35,38,6,1
1110,435,9,42,46,4,8,0
1106,282,40,26,52,10,9,0
361,490,22,4,44,44,2,0
1057,276,17,33,20,67,1,0
616,106,9,5,42,20,0,0
418,57,26,32,56,23,6,0
1454,348,20,39,40,75,9,1
2283,274,15,56,21,14,4,1
1228,286,97,70,34,21,10,0
2759,400,58,44,57,68,9,1
1737,372,9,89,39,81,9,1
1119,240,82,75,20,59,5,0
489,1,25,74,33,40,3,0
545,390,81,94,19,47,9,0
1203,333,40,78,43,13,4,1
1653,447,14,47,38,44,9,1
980,12,31,19,48,8,6,0
627,480,48,1,50,18,5,0
636,245,21,14,44,23,9,0
801,376,84,99,44,57,3,0
2662,284,36,77,40,65,4,1
1339,366,12,74,56,11,8,1
2522,190,93,1,39,45,1,1
2255,245,58,14,49,63,4,1
921,241,73,62,35,4,9,0
1087,364,26,14,33,38,4,1
2355,310,33,29,48,61,7,1
2052,316,90,44,21,44,6,1
1170,207,63,32,46,1,5,0
471,374,92,66,51,20,8,0
2859,148,44,38,28,31,4,1
1538,35,94,37,18,55,8,1
1847,307,80,51,31,77,3,1
1723,160,50,43,23,53,1,1
1183,290,91,54,29,27,10,0
425,417,17,25,52,85,7,0
1118,31,65,57,32,41,1,0
336,6,8,51,37,64,1,0
449,131,8,6,28,29,5,0
1587,147,20,26,33,8,6,1
2468,295,64,34,40,89,2,1
2744,408,23,49,38,10,3,1
2097,229,97,50,26,85,1,1
620,376,16,23,55,72,8,0
803,71,89,99,40,5,7,0
1983,438,91,90,49,16,5,1
1412,17,73,69,33,2,2,1
2757,389,12,73,43,68,5,1
2904,174,37,96,27,87,0,1
1172,346,66,77,27,37,1,0
1915,107,43,49,48,49,5,1
2532,287,46,82,32,64,9,1
2434,329,88,13,31,13,0,1
336,209,61,4,40,88,8,0
765,180,71,23,46,55,4,0
978,418,18,82,51,42,0,0
1056,257,96,24,52,79,1,0
1257,292,74,49,45,30,8,0
1407,391,6,32,33,25,1,1
1665,455,76,92,32,72,10,1
2701,460,88,24,55,88,2,1
2632,423,41,50,45,2,6,1
1162,43,1,31,48,5,0,1
953,281,42,41,20,37,5,0
2669,71,80,92,41,38,0,1
477,26,27,46,35,78,5,0
2930,374,91,61,48,55,7,1
1050,85,84,93,41,34,8,0
1817,320,57,16,46,18,0,1
1235,424,60,37,33,59,8,0
1017,260,24,28,21,15,3,0
710,463,35,91,32,41,1,0
2867,334,33,21,22,79,0,1
1845,445,19,85,55,37,2,1
2798,340,79,74,48,59,2,1
1379,415,61,15,53,27,4,1
2000,157,96,20,57,13,3,1
648,38,61,38,52,54,2,0
2677,429,95,93,26,20,8,1
1671,49,79,61,55,86,10,1
2708,301,92,88,19,29,1,1
1111,176,31,34,31,19,10,0
2952,34,84,28,25,22,2,1
704,499,39,29,22,9,4,0
892,257,84,19,19,36,3,0
349,68,86,26,20,73,5,0
1072,362,91,7,57,32,4,1
924,223,29,58,30,11,7,0
2640,139,48,95,52,38,8,1
2821,314,54,86,55,29,10,1
2185,225,93,37,24,66,2,1
1923,26,37,34,42,4,1,1
2990,25,65,14,52,33,7,1
1250,40,80,52,22,17,5,0
483,293,14,59,19,45,1,0
1099,469,16,69,20,32,2,0
1449,137,37,35,25,64,7,1
814,336,98,44,53,2,6,0
1689,247,18,11,40,76,5,1
1287,321,61,35,31,13,10,1
888,429,83,6,35,23,2,0
2534,8,91,6,25,11,7,1
1224,248,11,74,50,33,6,0
480,140,93,2,40,33,1,0
1580,202,74,27,35,83,9,1
485,121,36,82,20,13,6,0
1534,266,53,36,56,50,3,1
1185,399,67,33,21,10,9,0
2696,116,55,57,36,7,1,1
2110,255,1,13,36,84,3,1
775,125,8,95,25,66,5,0
2111,97,13,26,48,29,3,1
746,348,43,88,26,6,2,0
1022,307,4,25,54,4,8,0
1214,390,49,16,24,67,2,0
2219,158,65,9,36,31,8,1
520,365,30,41,37,19,6,0
1163,12,75,15,19,71,2,0
332,298,50,35,34,56,2,0
1227,313,45,90,30,52,7,0
1631,279,24,28,29,16,0,1
617,334,55,45,25,0,9,0
795,181,84,56,24,45,3,0
2287,67,48,91,25,12,2,1
1981,29,38,87,36,44,6,1
957,385,72,87,48,46,4,0
1599,367,61,5,19,79,1,1
423,450,68,88,27,46,0,0
315,359,46,57,35,38,2,0
2709,308,79,57,28,45,9,1
1517,496,21,40,36,8,5,1
590,300,58,97,47,53,8,0
1161,49,15,87,30,58,6,1
1798,216,71,7,24,2,5,1
2580,66,31,52,49,4,10,1
1440,33,77,57,36,71,5,1
1029,26,48,21,44,32,0,0
879,30,30,21,27,59,2,0
2625,480,1,8,27,17,1,1
2610,494,68,75,56,26,4,1
927,306,77,63,25,72,10,0
2404,134,10,69,28,26,0,1
362,450,100,65,47,82,9,0
1143,23,97,28,40,33,0,0
1329,220,91,86,55,20,0,1
2740,491,60,78,29,57,6,1
2199,379,20,80,34,79,4,1
739,220,91,53,55,56,9,0
2040,10,20,75,38,33,10,1
1220,411,65,34,28,52,2,0
1727,271,42,69,53,46,2,1
757,379,43,35,49,78,3,0
1811,221,96,14,32,16,3,1
621,151,88,14,33,30,4,0
1613,258,84,98,57,38,9,1
2630,401,94,92,45,18,0,1
2629,8,34,77,57,5,1,1
2607,306,19,90,27,77,5,1
1745,115,60,9,30,16,9,1
1147,223,35,60,57,3,1,0
869,497,72,45,29,8,3,0
2545,462,75,65,36,0,1,1
631,377,11,42,26,57,4,0
1135,311,13,75,46,11,10,1
2460,272,81,53,56,57,6,1
1104,145,17,74,42,1,3,1
537,372,14,5,30,21,10,0
453,327,66,67,24,86,4,0
570,156,75,39,34,23,10,0
1270,359,32,61,37,29,4,1
1309,225,62,91,21,38,3,1
2637,112,85,31,39,26,4,1
2677,16,63,78,52,7,2,1
1403,67,21,31,40,32,6,1
1727,267,56,2,28,22,3,1
513,113,8,1,19,52,6,0
1102,230,1,2,40,32,2,0
330,449,13,100,52,62,5,0
933,102,81,48,49,47,7,0
2230,319,70,86,46,72,8,1
680,297,64,63,47,66,7,0
1726,123,31,22,35,7,5,1
1144,62,78,76,23,87,5,1
2828,134,74,32,53,80,6,1
1178,318,67,54,25,33,4,0
662,40,48,36,21,74,9,0
602,7,60,12,32,46,2,0
521,354,88,9,57,2,0,0
1172,406,57,8,36,78,2,1
1257,9,84,65,37,52,4,0
825,208,43,5,40,62,8,0
1183,116,26,80,38,19,6,0
561,8,78,68,30,52,9,0
444,331,32,66,34,82,0,0
817,12,36,45,39,48,5,0
742,233,44,69,32,85,6,0
2070,380,3,87,52,31,8,1
2513,185,14,82,46,36,5,1
1110,198,0,25,18,64,2,0
2163,414,88,42,45,84,7,1
1007,318,74,0,32,73,0,1
1005,194,0,38,54,72,5,1
340,425,76,91,25,70,1,0
435,206,44,34,54,37,8,0
2457,381,96,16,49,86,5,1
925,308,54,53,49,39,0,0
1237,458,30,2,37,23,10,0
1745,304,12,47,34,43,7,1
406,134,59,78,40,38,9,0
759,336,54,62,50,77,7,0
1837,354,58,69,53,34,2,1
990,122,77,60,44,19,4,0
825,293,3,50,26,78,1,0
2823,154,22,86,42,81,3,1
2085,293,32,87,29,69,6,1
1508,483,79,75,37,65,1,1
1294,148,86,62,54,69,7,1
2886,90,1,84,25,41,8,1
1244,347,67,38,45,44,7,0
359,275,24,73,40,44,2,0
805,248,40,38,24,31,1,0
2968,256,28,11,19,66,0,1
936,50,95,48,53,78,6,0
1116,180,56,25,56,38,3,1
2196,128,37,49,24,81,9,1
2793,454,53,37,21,6,1,1
2888,365,27,44,55,21,7,1
433,157,39,35,58,76,9,0
1090,318,87,7,43,82,0,0
1786,41,50,79,52,58,7,1
1032,139,87,26,32,43,5,1
1034,8,19,52,32,3,2,0
2180,378,8,70,23,15,1,1
301,422,80,1,55,20,6,0
1078,120,63,29,32,69,6,1
1286,98,12,99,24,53,0,0
1566,108,81,33,55,46,3,1
1086,1,63,48,39,25,3,1
1210,192,83,20,43,81,2,1
1569,463,99,82,49,60,9,1
493,220,59,66,25,25,9,0
959,354,70,36,55,82,5,0
1324,41,87,8,32,75,3,1
759,387,58,96,20,1,3,0
1790,134,31,7,49,49,4,1
2797,151,32,42,22,5,8,1
642,481,48,94,20,20,8,0
585,256,15,29,46,84,1,0
352,340,88,17,52,3,6,0
645,2,27,88,55,41,4,0
1906,81,11,86,30,89,1,1
1656,430,48,1,33,39,2,1
906,424,80,32,25,26,6,0
2986,493,78,33,38,68,6,1
1106,188,49,69,57,41,6,1
1165,198,4,4,22,43,6,0
2407,369,5,43,42,83,5,1
2741,3,42,80,22,23,9,1
1889,479,47,27,52,39,5,1
545,84,52,56,40,22,0,0
1162,322,5,90,22,34,9,0
1231,362,26,73,42,4,2,0
412,461,13,79,19,39,6,0
1217,352,36,55,48,24,6,0
1496,259,95,56,45,41,1,1
321,465,68,34,34,11,5,0
2120,471,47,26,36,63,8,1
1240,309,95,69,30,23,9,0
2143,118,17,97,28,13,5,1
1266,402,43,35,30,42,3,0
428,337,3,44,48,3,9,0
1770,441,23,36,29,86,2,1
331,105,6,5,56,38,0,0
1789,285,70,2,36,65,3,1
579,473,23,11,56,57,2,0
844,383,70,74,47,23,2,0
2713,227,100,27,34,40,5,1
507,197,70,86,21,46,6,0
1901,463,5,40,28,2,9,1
1242,446,21,21,29,61,9,1
1533,296,43,76,53,77,6,1
2795,2,32,58,23,21,6,1
2593,143,30,2,50,41,8,1
2575,444,78,38,43,15,1,1
2257,26,67,4,23,73,7,1
1877,425,82,80,24,72,0,1
2773,235,25,71,37,60,7,1
2585,266,7,70,50,13,2,1
1367,45,36,75,20,85,5,1
1515,38,1,17,36,82,9,1
1763,261,45,73,52,6,8,1
874,221,40,89,31,26,8,0
724,185,34,63,37,68,1,0
2782,62,44,40,33,52,4,1
700,330,28,70,41,38,3,0
350,67,10,74,19,49,4,0
705,392,32,41,40,88,8,0
783,244,28,47,21,63,7,0
1958,47,61,35,24,21,6,1
2991,194,32,64,46,14,4,1
2223,90,67,30,29,77,3,1
1809,74,22,61,28,22,0,1
321,412,12,49,37,4,10,0
918,31,68,56,34,70,7,0
929,233,85,16,23,67,2,0
1433,194,8,11,58,80,7,1
928,455,88,13,45,87,2,0
2520,374,78,70,56,47,3,1
692,367,10,33,44,71,4,0
760,443,84,62,35,40,5,0
2529,179,10,35,24,31,7,1
1185,492,30,55,18,16,3,0
776,309,49,95,37,26,0,0
1579,161,58,83,27,10,9,1
2778,47,93,30,20,76,1,1
2570,182,64,86,18,70,2,1
1173,242,74,33,42,88,10,1
1226,445,88,87,25,18,4,0
1274,461,81,38,28,7,1,0
1025,409,51,81,38,38,3,0
1305,0,62,40,49,26,2,1
337,253,54,11,18,85,7,0
1264,15,64,51,36,61,1,0
666,398,60,64,42,81,3,0
1065,31,30,78,45,53,5,0
962,390,17,73,53,72,6,0
1191,273,79,1,23,49,1,0
1351,18,46,39,32,28,7,1
493,114,89,59,48,17,7,0
355,364,54,49,28,0,7,0
786,429,52,74,40,89,0,0
2701,429,16,2,39,57,10,1
2140,44,74,35,33,38,3,1
1357,100,30,45,25,87,3,1
583,229,74,71,46,45,7,0
2405,436,73,59,20,32,1,1
573,24,85,77,32,19,2,0
1305,318,55,44,45,28,9,1
1687,121,11,9,48,58,9,1
720,463,5,1,32,25,7,0
1604,182,74,72,20,41,3,1
1166,435,58,40,38,27,9,0
1859,79,54,6,42,56,6,1
2545,68,10,59,34,54,9,1
2084,422,2,23,32,86,9,1
414,97,89,41,36,48,3,0
2422,248,61,18,52,37,5,1
809,134,71,3,39,30,5,0
825,287,8,60,50,73,7,0
1226,163,74,95,57,10,3,0
1595,264,81,81,56,78,8,1
862,241,26,5,55,53,7,0
1207,122,96,46,38,24,1,0
587,256,10,43,40,46,3,0
1896,454,9,81,27,88,7,1
2640,114,58,52,57,75,6,1
1158,334,7,66,41,14,7,0
1316,118,1,95,47,41,8,1
2817,430,59,44,36,62,1,1
1203,465,71,42,32,72,4,0
2401,326,87,78,23,17,5,1
856,93,31,48,23,47,2,0
1248,352,91,41,39,90,3,0
1225,39,16,73,32,4,1,0
1145,8,16,69,36,66,10,1
2463,258,74,48,41,86,4,1
894,331,52,60,38,20,7,0
557,155,12,78,58,45,9,0
1738,94,39,34,38,36,6,1
1267,112,23,30,52,35,4,1
935,268,52,3,40,30,7,0
615,431,85,71,33,65,6,0
2507,235,79,41,58,89,7,1
2947,430,82,47,58,59,6,1
504,457,70,92,24,77,10,0
1804,2,56,82,42,30,9,1
1244,16,60,43,53,55,3,0
2026,87,97,99,47,67,6,1
2953,386,96,97,29,76,5,1
1770,495,48,92,24,11,1,1
1069,387,65,92,37,45,3,0
2883,114,43,85,18,85,1,1
1247,447,39,82,37,38,6,1
1434,178,16,47,35,88,8,1
2505,49,83,72,19,33,6,1
488,385,27,46,28,25,1,0
1382,247,79,78,54,17,1,1
403,138,4,45,25,36,7,0
2480,40,61,80,32,42,0,1
1569,261,14,7,21,3,8,1
1149,49,19,80,57,73,8,1
2061,297,15,46,40,73,9,1
1180,418,0,37,29,62,10,1
2924,458,43,28,22,71,7,1
1221,124,94,30,30,39,9,1
2866,360,98,76,48,5,4,1
725,211,16,14,34,26,8,0
1108,459,18,72,54,54,1,0
1232,41,97,71,52,5,1,0
1232,133,63,58,57,68,4,0
2311,475,72,91,21,42,4,1
2724,317,75,99,28,7,9,1
530,180,51,72,57,34,5,0
2790,192,49,99,48,24,1,1
391,103,53,44,51,0,6,0
2949,468,63,8,54,36,6,1
528,286,96,93,51,18,5,0
1097,82,58,82,50,60,3,0
447,71,5,20,40,63,8,0
1117,462,74,66,47,28,3,1
686,111,72,82,19,46,9,0
719,102,2,8,50,87,9,0
1395,210,48,28,20,65,10,1
1064,185,5,13,37,17,6,0
955,437,8,80,27,40,6,0
1751,7,93,18,39,52,0,1
1244,310,63,16,36,72,3,0
1644,221,57,76,44,31,6,1
2609,297,66,75,29,58,4,1
1136,95,21,93,22,79,2,0
811,455,10,71,31,17,4,0
2478,242,8,39,40,34,3,1
391,37,47,5,47,20,0,0
710,6,44,53,19,73,10,0
1571,497,76,24,48,45,5,1
2803,142,26,59,25,57,6,1
1293,395,53,14,40,64,4,0
2967,182,82,70,46,53,7,1
2864,48,92,93,23,54,1,1
486,440,46,90,21,75,9,0
1154,351,36,77,31,64,1,1
2365,324,36,7,53,64,4,1
2722,69,67,7,37,10,5,1
1598,492,38,45,26,10,3,1
1047,12,88,2,57,1,9,0
2070,425,91,22,52,54,2,1
2567,126,14,53,27,32,10,1
1294,294,60,86,28,33,4,0
2172,453,79,75,52,74,5,1
2173,94,72,42,44,21,10,1
1041,365,8,72,48,74,4,0
427,322,30,46,24,76,10,0
1919,147,19,79,32,65,4,1
802,54,66,96,33,15,4,0
1141,397,59,0,39,61,2,1
1908,217,81,2,51,13,1,1
2477,333,70,94,37,1,6,1
1432,328,86,19,22,81,10,1
2471,251,97,64,33,39,3,1
2022,94,65,45,28,15,8,1
2139,50,49,11,52,57,1,1
538,305,97,9,21,70,5,0
937,46,21,3,51,58,2,0
2977,193,28,16,22,59,10,1
1000,487,85,23,28,38,2,0
963,301,13,14,42,54,8,0
987,139,38,97,29,10,0,0
657,160,51,39,21,12,4,0
302,330,31,85,21,45,4,0
2940,137,5,37,47,49,9,1
932,346,76,77,41,84,3,0
2194,284,3,38,18,18,1,1
413,324,57,24,43,2,6,0
431,31,15,86,46,41,4,0
826,104,38,79,56,85,5,0
492,287,1,50,41,30,0,0
933,265,93,37,30,58,2,0
903,375,57,51,18,20,5,0
1046,38,77,44,48,43,8,0
2649,332,24,89,38,25,0,1
2982,467,59,36,40,36,8,1
394,29,41,90,55,61,8,0
469,52,87,1,28,41,7,0
1157,282,1,84,31,14,8,0
447,217,90,5,36,34,10,0
1550,228,17,60,32,72,1,1
1137,385,79,98,19,48,0,0
1539,401,1,52,55,62,5,1
1780,206,31,74,46,55,5,1
2717,140,31,75,50,50,4,1
955,288,68,14,20,73,5,0
2227,100,46,70,50,80,7,1
1695,33,16,66,51,55,9,1
1965,402,60,50,22,14,8,1
533,264,9,80,55,82,1,0
1272,65,21,3,22,61,5,0
1727,444,96,53,21,37,5,1
2142,329,5,35,21,36,8,1
525,482,61,29,27,70,9,0
432,207,22,26,27,30,2,0
2273,306,98,13,24,35,7,1
2499,441,38,19,35,27,2,1
487,238,57,83,44,75,7,0
1044,83,67,29,51,67,1,0
1069,350,51,45,53,10,7,0
1617,77,71,37,33,43,5,1
2307,150,17,76,42,31,3,1
619,74,46,22,34,1,10,0
1277,43,7,37,40,44,3,0
2223,81,56,52,32,48,9,1
2716,476,25,37,51,27,5,1
667,384,77,41,57,84,4,0
2581,43,18,24,25,38,0,1
1180,353,60,41,38,19,5,1
2947,29,90,23,36,65,0,1
1543,267,76,52,18,30,1,1
1184,75,0,87,50,46,10,0
636,121,2,24,36,58,1,0
1493,412,1,96,32,58,4,1
328,372,1,27,24,46,4,0
1728,58,4,73,51,54,1,1
1067,386,43,89,38,58,9,0
802,337,6,61,21,45,2,0
2052,15,98,31,34,73,1,1
2180,377,81,99,27,28,7,1
1405,66,31,48,27,28,8,1
2267,5,74,56,20,41,5,1
2694,79,15,53,35,10,9,1
755,99,87,37,40,24,1,0
1197,186,62,53,21,32,4,0
1015,173,34,2,30,71,6,0
746,491,34,52,31,31,6,0
393,256,49,63,20,64,10,0
2114,206,23,67,33,88,3,1
1134,75,9,100,37,83,1,0
2721,317,44,39,52,45,2,1
2491,291,1,1,31,90,2,1
1400,332,62,75,49,74,9,1
1935,392,99,20,38,52,5,1
336,118,12,51,52,31,0,0
1102,388,23,89,28,58,1,0
1359,212,45,53,40,62,7,1
1736,334,55,19,20,51,2,1
679,174,88,92,44,23,4,0
1002,116,55,92,27,49,1,1
705,402,56,97,51,25,8,0
2030,373,15,24,33,38,6,1
1004,45,64,19,57,63,7,1
2387,192,75,52,47,14,4,1
579,433,4,46,38,27,2,0
1184,434,7,54,42,88,5,0
717,411,8,55,33,50,3,0
1602,349,50,21,45,30,10,1
1861,475,65,71,55,87,8,1
1421,168,88,7,50,33,5,1
2953,356,2,70,49,81,5,1
1020,280,25,78,39,56,5,0
1216,331,33,20,25,14,6,0
993,59,36,9,26,0,3,0
1513,187,43,69,52,54,2,1
1118,211,8,27,32,18,3,0
2066,421,58,100,27,54,7,1
1155,45,64,62,25,69,5,0
440,142,96,88,31,73,6,0
924,171,73,87,47,79,3,0
400,38,10,32,20,51,7,0
446,461,95,9,49,3,4,0
414,55,90,46,26,83,6,0
1030,377,76,4,47,65,9,0
2871,217,100,0,45,29,2,1
1573,248,66,11,48,32,4,1
718,237,39,79,54,76,3,0
1169,226,27,77,54,33,9,0
725,138,50,36,40,74,7,0
990,0,31,65,39,10,2,0
2538,450,18,77,56,69,4,1
1241,452,1,43,37,21,8,0
1186,19,35,7,50,10,1,0
2579,425,53,99,25,5,4,1
342,471,57,91,39,46,1,0
1463,385,37,37,19,74,2,1
808,373,84,20,57,3,9,0
937,104,64,32,38,65,9,0
2350,184,56,88,42,78,1,1
1162,203,73,45,25,80,4,0
2326,400,37,68,49,16,3,1
1057,222,74,65,50,63,3,0
506,321,23,7,35,51,3,0
2194,449,56,64,56,8,7,1
343,268,37,13,21,24,8,0
1010,176,74,43,30,84,2,0
778,142,26,50,37,33,2,0
2236,69,58,7,38,42,8,1
828,105,5,75,49,61,0,0
2575,168,3,73,34,34,7,1
1269,285,47,19,25,68,3,1
2349,353,64,13,51,34,4,1
1715,242,79,52,53,54,3,1
1359,215,8,45,27,23,9,1
717,66,5,68,58,16,1,0
1027,339,90,92,41,39,4,0
770,246,91,25,53,17,2,0
1080,17,71,44,28,74,3,0
1138,66,62,20,49,27,1,0
2621,125,95,18,37,72,5,1
2850,116,94,89,47,38,4,1
817,54,13,18,22,55,9,0
1282,103,94,30,50,21,1,0
1288,352,88,10,40,65,1,0
847,346,55,92,36,30,5,0
1676,63,79,12,54,29,2,1
2135,178,52,95,55,76,5,1
772,248,72,83,20,24,4,0
727,65,43,26,24,54,9,0
1026,18,89,73,51,82,3,0
1290,383,44,28,21,39,9,0
2824,392,83,19,25,3,3,1
698,43,70,85,28,7,8,0
1273,278,48,91,21,48,4,0
2411,6,55,67,25,1,8,1
1120,285,15,4,27,66,9,0
1968,391,90,95,46,76,6,1
2271,53,69,40,43,39,4,1
840,229,44,76,26,74,3,0
2382,267,90,65,21,16,1,1
475,422,24,62,56,10,9,0
1309,456,49,16,44,85,5,1
1268,407,86,33,23,30,3,1
920,141,95,92,32,82,5,0
783,367,91,72,47,12,7,0
1503,76,2,81,50,57,4,1
873,105,84,11,23,35,9,0
314,106,55,40,44,63,6,0
1887,150,17,46,51,69,5,1
1068,200,34,86,43,22,7,1
742,121,9,73,41,2,7,0
1813,235,78,71,33,71,7,1
990,236,73,86,34,15,3,0
2777,35,20,56,29,38,9,1
2763,463,40,23,47,8,8,1
2276,155,40,3,55,77,4,1
1239,335,56,39,25,19,1,0
1130,175,28,73,26,75,9,0
363,368,92,30,20,35,10,0
2809,31,47,74,34,13,1,1
1422,100,14,92,37,77,9,1
1540,498,35,64,35,25,0,1
1143,404,31,94,19,8,9,0
867,175,91,12,55,44,6,0
989,228,8,43,23,76,3,0
1049,286,46,46,55,86,8,0
822,145,49,83,29,44,1,0
1010,403,93,53,40,42,5,0
2731,413,83,97,22,24,2,1
2796,253,38,40,37,27,9,1
2678,180,14,92,19,64,3,1
1651,242,14,86,38,54,10,1
1305,132,20,13,19,66,2,1
1118,103,84,26,31,5,6,0
366,429,57,51,24,34,5,0
661,236,43,11,47,39,8,0
709,191,33,34,43,22,6,0
833,169,24,6,57,8,6,0
1207,369,86,55,22,78,2,0
438,434,54,97,40,9,5,0
2998,160,46,29,50,71,10,1
1735,5,96,70,26,63,6,1
2970,61,17,59,23,30,3,1
2382,388,82,6,51,64,2,1
2474,427,56,37,18,85,8,1
374,350,3,68,44,85,1,0
720,232,97,37,38,60,4,0
896,148,20,47,49,78,0,0
855,24,72,69,44,67,2,0
456,83,34,11,41,80,3,0
1405,312,41,46,36,11,3,1
2217,206,66,87,54,75,4,1
2095,314,58,20,31,44,8,1
471,275,100,97,48,37,10,0
2497,319,98,81,36,29,10,1
632,82,72,6,53,38,6,0
1101,152,16,50,28,50,5,1
1767,298,15,18,45,25,5,1
2637,496,24,81,52,52,5,1
583,383,42,96,45,9,7,0
429,209,21,90,56,52,2,0
950,172,52,26,39,63,3,0
1894,248,90,43,49,87,7,1
706,355,53,80,37,36,0,0
1436,197,52,36,36,17,2,1
1543,444,27,76,34,36,8,1
2920,270,13,83,41,60,6,1
776,216,20,22,28,59,3,0
1455,163,89,90,27,6,8,1
1131,438,37,35,20,49,10,0
1370,348,32,95,26,65,4,1
747,306,45,6,34,89,5,0
1153,53,76,57,23,37,9,0
1693,454,43,33,51,7,6,1
581,349,92,56,52,35,8,0
437,61,17,3,52,62,8,0
1984,435,82,11,34,37,4,1
2140,30,96,92,31,83,10,1
1020,58,22,19,34,84,3,0
857,343,43,14,21,16,9,0
1596,440,66,32,38,48,8,1
1297,388,98,5,49,24,2,1
1034,475,33,12,31,87,6,0
662,329,21,39,54,52,1,0
914,353,86,35,31,21,5,0
2987,495,72,66,56,73,9,1
783,300,6,16,57,7,2,0
722,476,63,17,38,3,5,0
1121,339,16,18,55,83,5,0
1045,383,61,17,52,50,3,0
701,290,36,81,34,44,3,0
2965,371,19,20,48,39,7,1
1152,458,3,77,35,62,5,1
846,238,35,60,41,23,9,0
1461,150,40,26,50,41,5,1
386,346,47,11,22,8,5,0
2362,162,26,55,43,28,9,1
2461,369,4,53,27,89,10,1
2479,153,42,19,44,27,9,1
1026,215,88,30,50,69,1,1
1334,170,42,41,53,11,6,1
1485,304,76,4,25,50,0,1
2234,195,61,57,43,3,4,1
1258,110,10,1,49,51,6,1
2461,224,17,24,25,18,10,1
1068,227,19,76,50,54,5,0
1267,140,89,82,40,74,8,0
1284,380,9,20,29,7,5,1
1799,365,31,79,50,64,3,1
2431,59,86,34,31,31,8,1
564,140,73,56,28,25,3,0
770,164,8,92,51,12,4,0
2171,28,45,97,48,84,2,1
863,323,34,84,50,15,2,0
2235,449,85,48,40,65,9,1
569,256,32,13,51,56,2,0
797,266,43,56,44,74,1,0
347,485,8,27,56,5,4,0
545,433,43,56,34,38,6,0
768,354,73,85,33,3,9,0
864,440,13,22,27,68,3,0
1167,101,68,11,20,76,4,0
1282,48,5,72,32,57,4,1
713,187,96,30,55,19,7,0
760,156,97,86,44,56,6,0
1026,213,47,78,43,10,7,0
1464,281,68,4,33,22,1,1
1225,443,15,50,19,60,10,0
1719,316,96,28,26,7,2,1
1118,166,53,20,39,33,7,0
1149,49,63,19,44,54,1,0
1390,297,39,49,51,30,6,1
1400,250,8,16,25,86,7,1
2926,430,58,40,20,17,9,1
2969,177,92,36,27,61,1,1
802,433,79,49,38,57,9,0
1532,39,16,86,24,82,8,1
2740,350,1,74,30,12,2,1
896,260,25,44,45,88,8,0
1817,155,79,85,24,71,7,1
1115,6,84,66,51,63,2,1
2099,353,84,65,35,79,2,1
1699,76,31,28,49,20,6,1
2953,375,34,2,21,16,6,1
1174,23,92,96,57,83,5,0
1982,477,21,97,45,42,9,1
775,122,69,7,36,39,4,0
892,115,92,79,58,69,9,0
833,30,48,55,54,65,5,0
1107,42,7,92,38,57,0,0
797,39,11,15,30,35,8,0
1275,388,82,81,34,84,4,0
2957,9,56,98,38,77,3,1
1607,328,89,87,22,70,8,1
2303,399,8,29,29,5,6,1
2508,225,51,64,52,16,5,1
2809,431,81,96,57,48,6,1
1985,245,4,74,50,50,9,1
560,484,62,66,19,48,3,0
2021,322,71,58,45,15,10,1
2956,358,73,79,39,48,5,1
475,447,85,60,32,38,4,0
318,353,65,73,18,17,9,0
2495,392,60,73,40,13,5,1
1049,304,53,38,24,90,4,1
485,265,56,88,33,5,2,0
879,257,34,82,32,26,7,0
548,128,49,2,47,80,0,0
857,386,24,20,34,54,4,0
1207,260,58,3,57,31,0,0
